File Name,Red Count,Green Count,Blue Count
images/dots_1.png,0.32727272727272727,0.36363636363636365,0.3090909090909091
images/dots_2.png,0.3473684210526316,0.42105263157894735,0.23157894736842105
images/dots_3.png,0.25,0.25,0.5
images/dots_4.png,0.32,0.4,0.28
images/dots_5.png,0.2962962962962963,0.48148148148148145,0.2222222222222222
images/dots_6.png,0.3291139240506329,0.24050632911392406,0.43037974683544306
images/dots_7.png,0.391304347826087,0.30434782608695654,0.30434782608695654
images/dots_8.png,0.2727272727272727,0.4318181818181818,0.29545454545454547
images/dots_9.png,0.45714285714285713,0.22857142857142856,0.3142857142857143
images/dots_10.png,0.3013698630136986,0.3835616438356164,0.3150684931506849
images/dots_11.png,0.22580645161290322,0.3870967741935484,0.3870967741935484
images/dots_12.png,0.5185185185185185,0.24074074074074073,0.24074074074074073
images/dots_13.png,0.42857142857142855,0.14285714285714285,0.42857142857142855
images/dots_14.png,0.3333333333333333,0.4,0.26666666666666666
images/dots_15.png,0.34285714285714286,0.42857142857142855,0.22857142857142856
images/dots_16.png,0.3409090909090909,0.36363636363636365,0.29545454545454547
images/dots_17.png,0.2608695652173913,0.45652173913043476,0.2826086956521739
images/dots_18.png,0.3488372093023256,0.4186046511627907,0.23255813953488372
images/dots_19.png,0.2597402597402597,0.33766233766233766,0.4025974025974026
images/dots_20.png,0.4074074074074074,0.30864197530864196,0.2839506172839506
images/dots_21.png,0.4576271186440678,0.22033898305084745,0.3220338983050847
images/dots_22.png,0.36363636363636365,0.5,0.13636363636363635
images/dots_23.png,0.3508771929824561,0.2807017543859649,0.3684210526315789
images/dots_24.png,0.3434343434343434,0.30303030303030304,0.35353535353535354
images/dots_25.png,0.3392857142857143,0.4107142857142857,0.25
images/dots_26.png,0.3050847457627119,0.3389830508474576,0.3559322033898305
images/dots_27.png,0.3333333333333333,0.3563218390804598,0.3103448275862069
images/dots_28.png,0.23333333333333334,0.36666666666666664,0.4
images/dots_29.png,0.3333333333333333,0.2857142857142857,0.38095238095238093
images/dots_30.png,0.4642857142857143,0.32142857142857145,0.21428571428571427
images/dots_31.png,0.32,0.33,0.35
images/dots_32.png,0.25,0.325,0.425
images/dots_33.png,0.3488372093023256,0.3372093023255814,0.313953488372093
images/dots_34.png,0.3695652173913043,0.30434782608695654,0.32608695652173914
images/dots_35.png,0.34285714285714286,0.34285714285714286,0.3142857142857143
images/dots_36.png,0.2727272727272727,0.36363636363636365,0.36363636363636365
images/dots_37.png,0.3333333333333333,0.2777777777777778,0.3888888888888889
images/dots_38.png,0.3950617283950617,0.2839506172839506,0.32098765432098764
images/dots_39.png,0.3924050632911392,0.3291139240506329,0.27848101265822783
images/dots_40.png,0.3402061855670103,0.36082474226804123,0.29896907216494845
images/dots_41.png,0.30303030303030304,0.3838383838383838,0.31313131313131315
images/dots_42.png,0.273972602739726,0.3424657534246575,0.3835616438356164
images/dots_43.png,0.40476190476190477,0.2857142857142857,0.30952380952380953
images/dots_44.png,0.3333333333333333,0.31746031746031744,0.3492063492063492
images/dots_45.png,0.5454545454545454,0.09090909090909091,0.36363636363636365
images/dots_46.png,0.4,0.2,0.4
images/dots_47.png,0.325,0.375,0.3
images/dots_48.png,0.36585365853658536,0.34146341463414637,0.2926829268292683
images/dots_49.png,0.38461538461538464,0.34615384615384615,0.2692307692307692
images/dots_50.png,0.36363636363636365,0.29292929292929293,0.3434343434343434
images/dots_51.png,0.44,0.24,0.32
images/dots_52.png,0.3181818181818182,0.42045454545454547,0.26136363636363635
images/dots_53.png,0.3380281690140845,0.2535211267605634,0.4084507042253521
images/dots_54.png,0.26666666666666666,0.3333333333333333,0.4
images/dots_55.png,0.36363636363636365,0.18181818181818182,0.45454545454545453
images/dots_56.png,0.4166666666666667,0.3055555555555556,0.2777777777777778
images/dots_57.png,0.36363636363636365,0.35353535353535354,0.2828282828282828
images/dots_58.png,0.36363636363636365,0.3787878787878788,0.25757575757575757
images/dots_59.png,0.2692307692307692,0.3974358974358974,0.3333333333333333
images/dots_60.png,0.3157894736842105,0.38596491228070173,0.2982456140350877
images/dots_61.png,0.3148148148148148,0.2777777777777778,0.4074074074074074
images/dots_62.png,0.19672131147540983,0.4426229508196721,0.36065573770491804
images/dots_63.png,0.2222222222222222,0.2857142857142857,0.49206349206349204
images/dots_64.png,0.391304347826087,0.2608695652173913,0.34782608695652173
images/dots_65.png,0.33766233766233766,0.2987012987012987,0.36363636363636365
images/dots_66.png,0.23636363636363636,0.43636363636363634,0.32727272727272727
images/dots_67.png,0.6,0.2,0.2
images/dots_68.png,0.2926829268292683,0.34146341463414637,0.36585365853658536
images/dots_69.png,0.2222222222222222,0.4444444444444444,0.3333333333333333
images/dots_70.png,0.3493975903614458,0.43373493975903615,0.21686746987951808
images/dots_71.png,0.4090909090909091,0.29545454545454547,0.29545454545454547
images/dots_72.png,0.26666666666666666,0.35555555555555557,0.37777777777777777
images/dots_73.png,0.34782608695652173,0.32608695652173914,0.32608695652173914
images/dots_74.png,0.3275862068965517,0.39655172413793105,0.27586206896551724
images/dots_75.png,0.28125,0.5,0.21875
images/dots_76.png,0.37254901960784315,0.37254901960784315,0.2549019607843137
images/dots_77.png,0.3448275862068966,0.27586206896551724,0.3793103448275862
images/dots_78.png,0.5,0.0,0.5
images/dots_79.png,0.3488372093023256,0.5116279069767442,0.13953488372093023
images/dots_80.png,0.3673469387755102,0.3673469387755102,0.2653061224489796
images/dots_81.png,0.2558139534883721,0.29069767441860467,0.45348837209302323
images/dots_82.png,0.36470588235294116,0.29411764705882354,0.3411764705882353
images/dots_83.png,0.3333333333333333,0.26666666666666666,0.4
images/dots_84.png,0.24675324675324675,0.45454545454545453,0.2987012987012987
images/dots_85.png,0.3333333333333333,0.4166666666666667,0.25
images/dots_86.png,0.36666666666666664,0.37777777777777777,0.25555555555555554
images/dots_87.png,0.3684210526315789,0.3157894736842105,0.3157894736842105
images/dots_88.png,0.3382352941176471,0.2647058823529412,0.39705882352941174
images/dots_89.png,0.37735849056603776,0.3018867924528302,0.32075471698113206
images/dots_90.png,0.36666666666666664,0.36666666666666664,0.26666666666666666
images/dots_91.png,0.32323232323232326,0.3434343434343434,0.3333333333333333
images/dots_92.png,0.3055555555555556,0.3888888888888889,0.3055555555555556
images/dots_93.png,0.38095238095238093,0.30158730158730157,0.31746031746031744
images/dots_94.png,0.40816326530612246,0.30612244897959184,0.2857142857142857
images/dots_95.png,0.3076923076923077,0.23076923076923078,0.46153846153846156
images/dots_96.png,0.41379310344827586,0.22413793103448276,0.3620689655172414
images/dots_97.png,0.3333333333333333,0.4444444444444444,0.2222222222222222
images/dots_98.png,0.358974358974359,0.3717948717948718,0.2692307692307692
images/dots_99.png,0.3333333333333333,0.5833333333333334,0.08333333333333333
images/dots_100.png,0.26,0.5,0.24
images/dots_101.png,0.375,0.265625,0.359375
images/dots_102.png,0.21428571428571427,0.2857142857142857,0.5
images/dots_103.png,0.15789473684210525,0.631578947368421,0.21052631578947367
images/dots_104.png,0.4411764705882353,0.35294117647058826,0.20588235294117646
images/dots_105.png,0.3368421052631579,0.35789473684210527,0.30526315789473685
images/dots_106.png,0.35135135135135137,0.32432432432432434,0.32432432432432434
images/dots_107.png,0.39473684210526316,0.2631578947368421,0.34210526315789475
images/dots_108.png,0.25862068965517243,0.43103448275862066,0.3103448275862069
images/dots_109.png,0.345679012345679,0.2839506172839506,0.37037037037037035
images/dots_110.png,0.3516483516483517,0.32967032967032966,0.31868131868131866
images/dots_111.png,0.4318181818181818,0.26136363636363635,0.3068181818181818
images/dots_112.png,0.3333333333333333,0.0,0.6666666666666666
images/dots_113.png,0.358974358974359,0.24358974358974358,0.3974358974358974
images/dots_114.png,0.5294117647058824,0.058823529411764705,0.4117647058823529
images/dots_115.png,0.3333333333333333,0.3333333333333333,0.3333333333333333
images/dots_116.png,0.3229166666666667,0.3854166666666667,0.2916666666666667
images/dots_117.png,0.2839506172839506,0.345679012345679,0.37037037037037035
images/dots_118.png,0.4074074074074074,0.2222222222222222,0.37037037037037035
images/dots_119.png,0.5,0.25,0.25
images/dots_120.png,0.3763440860215054,0.3763440860215054,0.24731182795698925
images/dots_121.png,0.3611111111111111,0.3055555555555556,0.3333333333333333
images/dots_122.png,1.0,0.0,0.0
images/dots_123.png,0.3617021276595745,0.23404255319148937,0.40425531914893614
images/dots_124.png,0.3181818181818182,0.2727272727272727,0.4090909090909091
images/dots_125.png,0.358974358974359,0.3333333333333333,0.3076923076923077
images/dots_126.png,0.28125,0.375,0.34375
images/dots_127.png,0.23076923076923078,0.38461538461538464,0.38461538461538464
images/dots_128.png,0.23809523809523808,0.38095238095238093,0.38095238095238093
images/dots_129.png,0.4482758620689655,0.27586206896551724,0.27586206896551724
images/dots_130.png,0.3103448275862069,0.43103448275862066,0.25862068965517243
images/dots_131.png,0.20689655172413793,0.3275862068965517,0.46551724137931033
images/dots_132.png,0.3333333333333333,0.3434343434343434,0.32323232323232326
images/dots_133.png,0.3142857142857143,0.37142857142857144,0.3142857142857143
images/dots_134.png,0.29411764705882354,0.4117647058823529,0.29411764705882354
images/dots_135.png,0.46153846153846156,0.15384615384615385,0.38461538461538464
images/dots_136.png,0.22727272727272727,0.4090909090909091,0.36363636363636365
images/dots_137.png,0.27692307692307694,0.4,0.3230769230769231
images/dots_138.png,0.18181818181818182,0.22727272727272727,0.5909090909090909
images/dots_139.png,0.41379310344827586,0.29310344827586204,0.29310344827586204
images/dots_140.png,0.2903225806451613,0.25806451612903225,0.45161290322580644
images/dots_141.png,0.2978723404255319,0.44680851063829785,0.2553191489361702
images/dots_142.png,0.36666666666666664,0.3333333333333333,0.3
images/dots_143.png,0.2894736842105263,0.3157894736842105,0.39473684210526316
images/dots_144.png,0.34375,0.25,0.40625
images/dots_145.png,0.5,0.5,0.0
images/dots_146.png,0.3132530120481928,0.3253012048192771,0.3614457831325301
images/dots_147.png,0.25,0.3333333333333333,0.4166666666666667
images/dots_148.png,0.2839506172839506,0.32098765432098764,0.3950617283950617
images/dots_149.png,0.27956989247311825,0.3870967741935484,0.3333333333333333
images/dots_150.png,0.14814814814814814,0.37037037037037035,0.48148148148148145
images/dots_151.png,0.5,0.0,0.5
images/dots_152.png,0.5,0.1,0.4
images/dots_153.png,0.2,0.5,0.3
images/dots_154.png,0.2,0.45,0.35
images/dots_155.png,0.42857142857142855,0.19047619047619047,0.38095238095238093
images/dots_156.png,0.3194444444444444,0.4027777777777778,0.2777777777777778
images/dots_157.png,0.25,0.5625,0.1875
images/dots_158.png,0.2,0.38,0.42
images/dots_159.png,0.34,0.32,0.34
images/dots_160.png,0.45454545454545453,0.36363636363636365,0.18181818181818182
images/dots_161.png,0.3333333333333333,0.42028985507246375,0.2463768115942029
images/dots_162.png,0.25,0.375,0.375
images/dots_163.png,0.29411764705882354,0.35294117647058826,0.35294117647058826
images/dots_164.png,0.3684210526315789,0.3368421052631579,0.29473684210526313
images/dots_165.png,0.27710843373493976,0.3493975903614458,0.37349397590361444
images/dots_166.png,0.15555555555555556,0.5111111111111111,0.3333333333333333
images/dots_167.png,0.2,0.5,0.3
images/dots_168.png,0.3333333333333333,0.3333333333333333,0.3333333333333333
images/dots_169.png,0.28888888888888886,0.4,0.3111111111111111
images/dots_170.png,0.43157894736842106,0.2631578947368421,0.30526315789473685
images/dots_171.png,0.37777777777777777,0.3333333333333333,0.28888888888888886
images/dots_172.png,0.3684210526315789,0.47368421052631576,0.15789473684210525
images/dots_173.png,0.31343283582089554,0.40298507462686567,0.2835820895522388
images/dots_174.png,0.375,0.2916666666666667,0.3333333333333333
images/dots_175.png,0.26666666666666666,0.06666666666666667,0.6666666666666666
images/dots_176.png,0.23809523809523808,0.2857142857142857,0.47619047619047616
images/dots_177.png,0.38961038961038963,0.3116883116883117,0.2987012987012987
images/dots_178.png,0.31666666666666665,0.26666666666666666,0.4166666666666667
images/dots_179.png,0.31958762886597936,0.35051546391752575,0.32989690721649484
images/dots_180.png,0.2916666666666667,0.375,0.3333333333333333
images/dots_181.png,0.15384615384615385,0.3076923076923077,0.5384615384615384
images/dots_182.png,0.2982456140350877,0.3157894736842105,0.38596491228070173
images/dots_183.png,0.2608695652173913,0.40217391304347827,0.33695652173913043
images/dots_184.png,0.375,0.375,0.25
images/dots_185.png,0.37373737373737376,0.29292929292929293,0.3333333333333333
images/dots_186.png,0.37037037037037035,0.2962962962962963,0.3333333333333333
images/dots_187.png,0.17307692307692307,0.4423076923076923,0.38461538461538464
images/dots_188.png,0.3269230769230769,0.34615384615384615,0.3269230769230769
images/dots_189.png,0.296875,0.359375,0.34375
images/dots_190.png,0.4444444444444444,0.3055555555555556,0.25
images/dots_191.png,0.0,1.0,0.0
images/dots_192.png,0.3448275862068966,0.27586206896551724,0.3793103448275862
images/dots_193.png,0.5833333333333334,0.25,0.16666666666666666
images/dots_194.png,0.5,0.3181818181818182,0.18181818181818182
images/dots_195.png,0.3125,0.3125,0.375
images/dots_196.png,0.38372093023255816,0.32558139534883723,0.29069767441860467
images/dots_197.png,0.36,0.48,0.16
images/dots_198.png,0.2558139534883721,0.37209302325581395,0.37209302325581395
images/dots_199.png,0.3023255813953488,0.4883720930232558,0.20930232558139536
images/dots_200.png,0.2804878048780488,0.17073170731707318,0.5487804878048781
images/dots_201.png,0.3333333333333333,0.2839506172839506,0.38271604938271603
images/dots_202.png,0.30864197530864196,0.345679012345679,0.345679012345679
images/dots_203.png,0.35,0.2875,0.3625
images/dots_204.png,0.0,1.0,0.0
images/dots_205.png,0.3614457831325301,0.3373493975903614,0.30120481927710846
images/dots_206.png,0.2875,0.3375,0.375
images/dots_207.png,0.3055555555555556,0.3472222222222222,0.3472222222222222
images/dots_208.png,0.3333333333333333,0.3333333333333333,0.3333333333333333
images/dots_209.png,1.0,0.0,0.0
images/dots_210.png,0.5,0.0,0.5
images/dots_211.png,0.35384615384615387,0.26153846153846155,0.38461538461538464
images/dots_212.png,0.35714285714285715,0.07142857142857142,0.5714285714285714
images/dots_213.png,0.40540540540540543,0.32432432432432434,0.2702702702702703
images/dots_214.png,0.358974358974359,0.3333333333333333,0.3076923076923077
images/dots_215.png,0.2916666666666667,0.3333333333333333,0.375
images/dots_216.png,0.23863636363636365,0.3409090909090909,0.42045454545454547
images/dots_217.png,0.4375,0.3125,0.25
images/dots_218.png,0.42857142857142855,0.39285714285714285,0.17857142857142858
images/dots_219.png,0.09090909090909091,0.2727272727272727,0.6363636363636364
images/dots_220.png,0.41935483870967744,0.3387096774193548,0.24193548387096775
images/dots_221.png,0.36363636363636365,0.3181818181818182,0.3181818181818182
images/dots_222.png,0.47368421052631576,0.2894736842105263,0.23684210526315788
images/dots_223.png,0.3829787234042553,0.3404255319148936,0.2765957446808511
images/dots_224.png,0.37209302325581395,0.3488372093023256,0.27906976744186046
images/dots_225.png,0.24,0.28,0.48
images/dots_226.png,0.32142857142857145,0.25,0.42857142857142855
images/dots_227.png,0.2903225806451613,0.3870967741935484,0.3225806451612903
images/dots_228.png,0.3111111111111111,0.35555555555555557,0.3333333333333333
images/dots_229.png,1.0,0.0,0.0
images/dots_230.png,0.3253012048192771,0.3614457831325301,0.3132530120481928
images/dots_231.png,0.42857142857142855,0.07142857142857142,0.5
images/dots_232.png,0.3469387755102041,0.3163265306122449,0.336734693877551
images/dots_233.png,0.27906976744186046,0.4069767441860465,0.313953488372093
images/dots_234.png,0.3424657534246575,0.3698630136986301,0.2876712328767123
images/dots_235.png,0.6,0.4,0.0
images/dots_236.png,0.24489795918367346,0.3877551020408163,0.3673469387755102
images/dots_237.png,0.3333333333333333,0.2708333333333333,0.3958333333333333
images/dots_238.png,0.3076923076923077,0.4230769230769231,0.2692307692307692
images/dots_239.png,0.38461538461538464,0.15384615384615385,0.46153846153846156
images/dots_240.png,0.3253012048192771,0.3373493975903614,0.3373493975903614
images/dots_241.png,0.14285714285714285,0.2857142857142857,0.5714285714285714
images/dots_242.png,0.49056603773584906,0.2830188679245283,0.22641509433962265
images/dots_243.png,0.36538461538461536,0.34615384615384615,0.28846153846153844
images/dots_244.png,0.375,0.4,0.225
images/dots_245.png,0.2833333333333333,0.31666666666666665,0.4
images/dots_246.png,0.37662337662337664,0.2597402597402597,0.36363636363636365
images/dots_247.png,0.29292929292929293,0.36363636363636365,0.3434343434343434
images/dots_248.png,0.36,0.25333333333333335,0.38666666666666666
images/dots_249.png,0.37735849056603776,0.3018867924528302,0.32075471698113206
images/dots_250.png,0.26666666666666666,0.35555555555555557,0.37777777777777777
images/dots_251.png,0.34782608695652173,0.43478260869565216,0.21739130434782608
images/dots_252.png,0.26136363636363635,0.4090909090909091,0.32954545454545453
images/dots_253.png,0.32786885245901637,0.3442622950819672,0.32786885245901637
images/dots_254.png,0.47368421052631576,0.15789473684210525,0.3684210526315789
images/dots_255.png,0.27710843373493976,0.24096385542168675,0.4819277108433735
images/dots_256.png,0.3424657534246575,0.3698630136986301,0.2876712328767123
images/dots_257.png,0.3050847457627119,0.423728813559322,0.2711864406779661
images/dots_258.png,0.2857142857142857,0.42857142857142855,0.2857142857142857
images/dots_259.png,0.3684210526315789,0.3157894736842105,0.3157894736842105
images/dots_260.png,0.3333333333333333,0.3466666666666667,0.32
images/dots_261.png,0.3333333333333333,0.41975308641975306,0.24691358024691357
images/dots_262.png,0.26865671641791045,0.26865671641791045,0.4626865671641791
images/dots_263.png,0.3875,0.25,0.3625
images/dots_264.png,0.29411764705882354,0.29411764705882354,0.4117647058823529
images/dots_265.png,0.26666666666666666,0.4444444444444444,0.28888888888888886
images/dots_266.png,0.2553191489361702,0.3191489361702128,0.425531914893617
images/dots_267.png,0.47619047619047616,0.2857142857142857,0.23809523809523808
images/dots_268.png,0.2,0.4666666666666667,0.3333333333333333
images/dots_269.png,0.5,0.25,0.25
images/dots_270.png,0.30120481927710846,0.3132530120481928,0.3855421686746988
images/dots_271.png,0.425,0.4,0.175
images/dots_272.png,0.29,0.34,0.37
images/dots_273.png,0.3728813559322034,0.2711864406779661,0.3559322033898305
images/dots_274.png,0.36363636363636365,0.09090909090909091,0.5454545454545454
images/dots_275.png,0.32653061224489793,0.336734693877551,0.336734693877551
images/dots_276.png,0.3333333333333333,0.30158730158730157,0.36507936507936506
images/dots_277.png,0.33962264150943394,0.37735849056603776,0.2830188679245283
images/dots_278.png,0.425,0.275,0.3
images/dots_279.png,0.3333333333333333,0.19753086419753085,0.4691358024691358
images/dots_280.png,0.2978723404255319,0.3617021276595745,0.3404255319148936
images/dots_281.png,0.3968253968253968,0.31746031746031744,0.2857142857142857
images/dots_282.png,0.35353535353535354,0.29292929292929293,0.35353535353535354
images/dots_283.png,0.3854166666666667,0.34375,0.2708333333333333
images/dots_284.png,0.0,0.0,1.0
images/dots_285.png,0.3125,0.25,0.4375
images/dots_286.png,0.45901639344262296,0.29508196721311475,0.2459016393442623
images/dots_287.png,0.3076923076923077,0.31868131868131866,0.37362637362637363
images/dots_288.png,0.24731182795698925,0.34408602150537637,0.40860215053763443
images/dots_289.png,0.421875,0.375,0.203125
images/dots_290.png,0.3522727272727273,0.3181818181818182,0.32954545454545453
images/dots_291.png,0.42857142857142855,0.20408163265306123,0.3673469387755102
images/dots_292.png,0.39285714285714285,0.25,0.35714285714285715
images/dots_293.png,0.4383561643835616,0.2465753424657534,0.3150684931506849
images/dots_294.png,0.2857142857142857,0.3142857142857143,0.4
images/dots_295.png,0.3448275862068966,0.3333333333333333,0.3218390804597701
images/dots_296.png,0.5,0.5,0.0
images/dots_297.png,0.33962264150943394,0.2830188679245283,0.37735849056603776
images/dots_298.png,0.4,0.4,0.2
images/dots_299.png,0.37209302325581395,0.26744186046511625,0.36046511627906974
images/dots_300.png,0.2857142857142857,0.2857142857142857,0.42857142857142855
images/dots_301.png,0.29333333333333333,0.26666666666666666,0.44
images/dots_302.png,0.3404255319148936,0.3191489361702128,0.3404255319148936
images/dots_303.png,0.453125,0.34375,0.203125
images/dots_304.png,0.3918918918918919,0.32432432432432434,0.28378378378378377
images/dots_305.png,0.34782608695652173,0.30434782608695654,0.34782608695652173
images/dots_306.png,0.4426229508196721,0.22950819672131148,0.32786885245901637
images/dots_307.png,0.32,0.52,0.16
images/dots_308.png,0.35714285714285715,0.3142857142857143,0.32857142857142857
images/dots_309.png,0.35185185185185186,0.2962962962962963,0.35185185185185186
images/dots_310.png,0.2857142857142857,0.47619047619047616,0.23809523809523808
images/dots_311.png,0.3333333333333333,0.2962962962962963,0.37037037037037035
images/dots_312.png,0.25,0.25,0.5
images/dots_313.png,0.36538461538461536,0.28846153846153844,0.34615384615384615
images/dots_314.png,0.33707865168539325,0.3258426966292135,0.33707865168539325
images/dots_315.png,0.34782608695652173,0.42028985507246375,0.2318840579710145
images/dots_316.png,0.375,0.3125,0.3125
images/dots_317.png,0.3548387096774194,0.3870967741935484,0.25806451612903225
images/dots_318.png,0.4166666666666667,0.25,0.3333333333333333
images/dots_319.png,0.45454545454545453,0.45454545454545453,0.09090909090909091
images/dots_320.png,0.34782608695652173,0.2608695652173913,0.391304347826087
images/dots_321.png,0.28,0.39,0.33
images/dots_322.png,0.5,0.14285714285714285,0.35714285714285715
images/dots_323.png,0.3275862068965517,0.3448275862068966,0.3275862068965517
images/dots_324.png,0.2916666666666667,0.4166666666666667,0.2916666666666667
images/dots_325.png,0.47058823529411764,0.3235294117647059,0.20588235294117646
images/dots_326.png,0.4,0.4,0.2
images/dots_327.png,0.3875,0.3125,0.3
images/dots_328.png,0.28735632183908044,0.3563218390804598,0.3563218390804598
images/dots_329.png,0.20833333333333334,0.4583333333333333,0.3333333333333333
images/dots_330.png,0.35,0.3,0.35
images/dots_331.png,0.30952380952380953,0.3333333333333333,0.35714285714285715
images/dots_332.png,0.39080459770114945,0.3333333333333333,0.27586206896551724
images/dots_333.png,0.37333333333333335,0.24,0.38666666666666666
images/dots_334.png,0.4065934065934066,0.27472527472527475,0.31868131868131866
images/dots_335.png,0.4,0.3,0.3
images/dots_336.png,0.4117647058823529,0.35294117647058826,0.23529411764705882
images/dots_337.png,0.3,0.3,0.4
images/dots_338.png,0.3229166666666667,0.34375,0.3333333333333333
images/dots_339.png,0.5333333333333333,0.26666666666666666,0.2
images/dots_340.png,0.32608695652173914,0.33695652173913043,0.33695652173913043
images/dots_341.png,0.3191489361702128,0.32978723404255317,0.35106382978723405
images/dots_342.png,0.36231884057971014,0.36231884057971014,0.2753623188405797
images/dots_343.png,0.34782608695652173,0.358695652173913,0.29347826086956524
images/dots_344.png,0.36666666666666664,0.3333333333333333,0.3
images/dots_345.png,0.4722222222222222,0.19444444444444445,0.3333333333333333
images/dots_346.png,0.5588235294117647,0.2647058823529412,0.17647058823529413
images/dots_347.png,0.3170731707317073,0.4268292682926829,0.25609756097560976
images/dots_348.png,0.45348837209302323,0.27906976744186046,0.26744186046511625
images/dots_349.png,0.3522727272727273,0.32954545454545453,0.3181818181818182
images/dots_350.png,0.34065934065934067,0.4065934065934066,0.25274725274725274
images/dots_351.png,0.3333333333333333,0.3181818181818182,0.3484848484848485
images/dots_352.png,0.27586206896551724,0.4482758620689655,0.27586206896551724
images/dots_353.png,0.3614457831325301,0.3493975903614458,0.2891566265060241
images/dots_354.png,0.28378378378378377,0.3783783783783784,0.33783783783783783
images/dots_355.png,0.45454545454545453,0.2727272727272727,0.2727272727272727
images/dots_356.png,0.36,0.26,0.38
images/dots_357.png,0.22727272727272727,0.45454545454545453,0.3181818181818182
images/dots_358.png,0.2804878048780488,0.4024390243902439,0.3170731707317073
images/dots_359.png,0.325,0.45,0.225
images/dots_360.png,0.30303030303030304,0.3333333333333333,0.36363636363636365
images/dots_361.png,0.75,0.25,0.0
images/dots_362.png,0.328125,0.296875,0.375
images/dots_363.png,0.35294117647058826,0.17647058823529413,0.47058823529411764
images/dots_364.png,0.3582089552238806,0.3880597014925373,0.2537313432835821
images/dots_365.png,0.3076923076923077,0.23076923076923078,0.46153846153846156
images/dots_366.png,0.3076923076923077,0.34615384615384615,0.34615384615384615
images/dots_367.png,0.30337078651685395,0.2696629213483146,0.42696629213483145
images/dots_368.png,0.3103448275862069,0.22413793103448276,0.46551724137931033
images/dots_369.png,0.4166666666666667,0.25,0.3333333333333333
images/dots_370.png,0.2,0.36,0.44
images/dots_371.png,0.3,0.4,0.3
images/dots_372.png,0.37894736842105264,0.28421052631578947,0.3368421052631579
images/dots_373.png,0.3333333333333333,0.30303030303030304,0.36363636363636365
images/dots_374.png,0.25,0.5,0.25
images/dots_375.png,0.47368421052631576,0.21052631578947367,0.3157894736842105
images/dots_376.png,0.38961038961038963,0.37662337662337664,0.23376623376623376
images/dots_377.png,0.23076923076923078,0.5384615384615384,0.23076923076923078
images/dots_378.png,0.38271604938271603,0.20987654320987653,0.4074074074074074
images/dots_379.png,0.2631578947368421,0.40789473684210525,0.32894736842105265
images/dots_380.png,0.38461538461538464,0.46153846153846156,0.15384615384615385
images/dots_381.png,0.44,0.24,0.32
images/dots_382.png,0.34210526315789475,0.34210526315789475,0.3157894736842105
images/dots_383.png,0.34375,0.40625,0.25
images/dots_384.png,0.38095238095238093,0.25396825396825395,0.36507936507936506
images/dots_385.png,0.3902439024390244,0.24390243902439024,0.36585365853658536
images/dots_386.png,0.43243243243243246,0.10810810810810811,0.4594594594594595
images/dots_387.png,0.24358974358974358,0.3974358974358974,0.358974358974359
images/dots_388.png,0.2696629213483146,0.4157303370786517,0.3146067415730337
images/dots_389.png,0.3181818181818182,0.2727272727272727,0.4090909090909091
images/dots_390.png,0.28125,0.375,0.34375
images/dots_391.png,0.39344262295081966,0.36065573770491804,0.2459016393442623
images/dots_392.png,0.38202247191011235,0.3258426966292135,0.29213483146067415
images/dots_393.png,0.3561643835616438,0.2876712328767123,0.3561643835616438
images/dots_394.png,0.34375,0.4375,0.21875
images/dots_395.png,0.2857142857142857,0.2857142857142857,0.42857142857142855
images/dots_396.png,0.3,0.37142857142857144,0.32857142857142857
images/dots_397.png,0.2894736842105263,0.2894736842105263,0.42105263157894735
images/dots_398.png,0.22727272727272727,0.36363636363636365,0.4090909090909091
images/dots_399.png,0.4166666666666667,0.16666666666666666,0.4166666666666667
images/dots_400.png,0.36363636363636365,0.30303030303030304,0.3333333333333333
images/dots_401.png,0.0,0.0,1.0
images/dots_402.png,0.34375,0.40625,0.25
images/dots_403.png,0.3188405797101449,0.36231884057971014,0.3188405797101449
images/dots_404.png,0.3275862068965517,0.3448275862068966,0.3275862068965517
images/dots_405.png,0.22727272727272727,0.38636363636363635,0.38636363636363635
images/dots_406.png,0.3684210526315789,0.15789473684210525,0.47368421052631576
images/dots_407.png,0.4,0.2571428571428571,0.34285714285714286
images/dots_408.png,0.4918032786885246,0.2459016393442623,0.26229508196721313
images/dots_409.png,0.5,0.5,0.0
images/dots_410.png,0.32978723404255317,0.30851063829787234,0.3617021276595745
images/dots_411.png,0.3333333333333333,0.35555555555555557,0.3111111111111111
images/dots_412.png,0.3763440860215054,0.3548387096774194,0.26881720430107525
images/dots_413.png,0.3142857142857143,0.37142857142857144,0.3142857142857143
images/dots_414.png,0.29310344827586204,0.3103448275862069,0.39655172413793105
images/dots_415.png,0.2857142857142857,0.35714285714285715,0.35714285714285715
images/dots_416.png,0.2459016393442623,0.3442622950819672,0.4098360655737705
images/dots_417.png,0.33695652173913043,0.3695652173913043,0.29347826086956524
images/dots_418.png,0.42857142857142855,0.22857142857142856,0.34285714285714286
images/dots_419.png,0.21818181818181817,0.41818181818181815,0.36363636363636365
images/dots_420.png,0.3620689655172414,0.3275862068965517,0.3103448275862069
images/dots_421.png,0.5,0.23684210526315788,0.2631578947368421
images/dots_422.png,0.5,0.0,0.5
images/dots_423.png,0.28865979381443296,0.4020618556701031,0.30927835051546393
images/dots_424.png,0.16666666666666666,0.5,0.3333333333333333
images/dots_425.png,0.20833333333333334,0.375,0.4166666666666667
images/dots_426.png,0.2391304347826087,0.4891304347826087,0.2717391304347826
images/dots_427.png,0.3409090909090909,0.3977272727272727,0.26136363636363635
images/dots_428.png,0.4189189189189189,0.28378378378378377,0.2972972972972973
images/dots_429.png,0.43478260869565216,0.2391304347826087,0.32608695652173914
images/dots_430.png,0.23076923076923078,0.4230769230769231,0.34615384615384615
images/dots_431.png,0.45,0.35,0.2
images/dots_432.png,0.5,0.3333333333333333,0.16666666666666666
images/dots_433.png,0.42105263157894735,0.3157894736842105,0.2631578947368421
images/dots_434.png,0.14285714285714285,0.5714285714285714,0.2857142857142857
images/dots_435.png,0.3783783783783784,0.3783783783783784,0.24324324324324326
images/dots_436.png,0.0,0.0,1.0
images/dots_437.png,0.4375,0.3125,0.25
images/dots_438.png,0.34065934065934067,0.3516483516483517,0.3076923076923077
images/dots_439.png,0.34285714285714286,0.4,0.2571428571428571
images/dots_440.png,0.35135135135135137,0.2972972972972973,0.35135135135135137
images/dots_441.png,0.2898550724637681,0.3188405797101449,0.391304347826087
images/dots_442.png,0.35714285714285715,0.30357142857142855,0.3392857142857143
images/dots_443.png,0.35714285714285715,0.2857142857142857,0.35714285714285715
images/dots_444.png,0.3684210526315789,0.29473684210526313,0.3368421052631579
images/dots_445.png,0.23214285714285715,0.375,0.39285714285714285
images/dots_446.png,0.16666666666666666,0.5833333333333334,0.25
images/dots_447.png,0.3728813559322034,0.2711864406779661,0.3559322033898305
images/dots_448.png,0.3333333333333333,0.4166666666666667,0.25
images/dots_449.png,0.3,0.45,0.25
images/dots_450.png,0.3548387096774194,0.2903225806451613,0.3548387096774194
images/dots_451.png,0.4090909090909091,0.3181818181818182,0.2727272727272727
images/dots_452.png,0.17647058823529413,0.38235294117647056,0.4411764705882353
images/dots_453.png,0.24444444444444444,0.35555555555555557,0.4
images/dots_454.png,0.375,0.3055555555555556,0.3194444444444444
images/dots_455.png,0.3125,0.3125,0.375
images/dots_456.png,0.3711340206185567,0.28865979381443296,0.3402061855670103
images/dots_457.png,0.25,0.25,0.5
images/dots_458.png,0.38596491228070173,0.2982456140350877,0.3157894736842105
images/dots_459.png,0.3,0.36,0.34
images/dots_460.png,0.4230769230769231,0.34615384615384615,0.23076923076923078
images/dots_461.png,0.3684210526315789,0.3815789473684211,0.25
images/dots_462.png,0.26595744680851063,0.46808510638297873,0.26595744680851063
images/dots_463.png,0.2619047619047619,0.30952380952380953,0.42857142857142855
images/dots_464.png,0.2608695652173913,0.30434782608695654,0.43478260869565216
images/dots_465.png,0.38095238095238093,0.3333333333333333,0.2857142857142857
images/dots_466.png,0.3108108108108108,0.32432432432432434,0.36486486486486486
images/dots_467.png,0.3220338983050847,0.288135593220339,0.3898305084745763
images/dots_468.png,0.2777777777777778,0.3888888888888889,0.3333333333333333
images/dots_469.png,0.18181818181818182,0.2727272727272727,0.5454545454545454
images/dots_470.png,0.3125,0.3125,0.375
images/dots_471.png,0.4090909090909091,0.2878787878787879,0.30303030303030304
images/dots_472.png,0.2755102040816326,0.336734693877551,0.3877551020408163
images/dots_473.png,0.3333333333333333,0.2962962962962963,0.37037037037037035
images/dots_474.png,0.3333333333333333,0.3333333333333333,0.3333333333333333
images/dots_475.png,0.3375,0.3125,0.35
images/dots_476.png,1.0,0.0,0.0
images/dots_477.png,0.0,0.0,1.0
images/dots_478.png,0.3275862068965517,0.41379310344827586,0.25862068965517243
images/dots_479.png,0.0,0.0,1.0
images/dots_480.png,0.3763440860215054,0.34408602150537637,0.27956989247311825
images/dots_481.png,0.37209302325581395,0.3488372093023256,0.27906976744186046
images/dots_482.png,0.3,0.36666666666666664,0.3333333333333333
images/dots_483.png,0.3492063492063492,0.2857142857142857,0.36507936507936506
images/dots_484.png,0.37777777777777777,0.4,0.2222222222222222
images/dots_485.png,0.28205128205128205,0.38461538461538464,0.3333333333333333
images/dots_486.png,0.3103448275862069,0.29310344827586204,0.39655172413793105
images/dots_487.png,0.26881720430107525,0.3978494623655914,0.3333333333333333
images/dots_488.png,0.3522727272727273,0.375,0.2727272727272727
images/dots_489.png,0.42857142857142855,0.14285714285714285,0.42857142857142855
images/dots_490.png,0.3541666666666667,0.2916666666666667,0.3541666666666667
images/dots_491.png,1.0,0.0,0.0
images/dots_492.png,0.3559322033898305,0.3728813559322034,0.2711864406779661
images/dots_493.png,0.3870967741935484,0.2903225806451613,0.3225806451612903
images/dots_494.png,0.3181818181818182,0.36363636363636365,0.3181818181818182
images/dots_495.png,0.5555555555555556,0.3333333333333333,0.1111111111111111
images/dots_496.png,0.4,0.32,0.28
images/dots_497.png,0.3804347826086957,0.34782608695652173,0.2717391304347826
images/dots_498.png,0.3804347826086957,0.33695652173913043,0.2826086956521739
images/dots_499.png,0.31868131868131866,0.2967032967032967,0.38461538461538464
images/dots_500.png,0.21428571428571427,0.4523809523809524,0.3333333333333333
images/dots_501.png,0.3191489361702128,0.39361702127659576,0.2872340425531915
images/dots_502.png,0.2,0.4,0.4
images/dots_503.png,0.23076923076923078,0.38461538461538464,0.38461538461538464
images/dots_504.png,0.38095238095238093,0.3333333333333333,0.2857142857142857
images/dots_505.png,0.4090909090909091,0.36363636363636365,0.22727272727272727
images/dots_506.png,0.32954545454545453,0.29545454545454547,0.375
images/dots_507.png,0.3380281690140845,0.29577464788732394,0.36619718309859156
images/dots_508.png,0.4,0.3,0.3
images/dots_509.png,0.75,0.25,0.0
images/dots_510.png,0.4050632911392405,0.2911392405063291,0.3037974683544304
images/dots_511.png,0.3333333333333333,0.3787878787878788,0.2878787878787879
images/dots_512.png,0.32894736842105265,0.35526315789473684,0.3157894736842105
images/dots_513.png,0.4,0.2,0.4
images/dots_514.png,0.1,0.5,0.4
images/dots_515.png,0.30303030303030304,0.3939393939393939,0.30303030303030304
images/dots_516.png,0.2972972972972973,0.2972972972972973,0.40540540540540543
images/dots_517.png,0.43902439024390244,0.21951219512195122,0.34146341463414637
images/dots_518.png,0.5,0.0,0.5
images/dots_519.png,0.3333333333333333,0.3333333333333333,0.3333333333333333
images/dots_520.png,0.47619047619047616,0.21428571428571427,0.30952380952380953
images/dots_521.png,0.1875,0.375,0.4375
images/dots_522.png,0.35294117647058826,0.3088235294117647,0.3382352941176471
images/dots_523.png,0.375,0.4375,0.1875
images/dots_524.png,0.28735632183908044,0.4482758620689655,0.26436781609195403
images/dots_525.png,0.35353535353535354,0.30303030303030304,0.3434343434343434
images/dots_526.png,0.2828282828282828,0.41414141414141414,0.30303030303030304
images/dots_527.png,0.21428571428571427,0.42857142857142855,0.35714285714285715
images/dots_528.png,0.36,0.24,0.4
images/dots_529.png,0.4074074074074074,0.2962962962962963,0.2962962962962963
images/dots_530.png,0.41836734693877553,0.2653061224489796,0.3163265306122449
images/dots_531.png,0.25,0.25,0.5
images/dots_532.png,0.2727272727272727,0.5454545454545454,0.18181818181818182
images/dots_533.png,0.3076923076923077,0.38461538461538464,0.3076923076923077
images/dots_534.png,0.16417910447761194,0.5223880597014925,0.31343283582089554
images/dots_535.png,0.2631578947368421,0.34210526315789475,0.39473684210526316
images/dots_536.png,0.34210526315789475,0.3684210526315789,0.2894736842105263
images/dots_537.png,0.32786885245901637,0.36065573770491804,0.3114754098360656
images/dots_538.png,0.21428571428571427,0.39285714285714285,0.39285714285714285
images/dots_539.png,0.2777777777777778,0.34444444444444444,0.37777777777777777
images/dots_540.png,0.3626373626373626,0.3076923076923077,0.32967032967032966
images/dots_541.png,0.38235294117647056,0.4117647058823529,0.20588235294117646
images/dots_542.png,0.40404040404040403,0.29292929292929293,0.30303030303030304
images/dots_543.png,0.3958333333333333,0.22916666666666666,0.375
images/dots_544.png,0.3225806451612903,0.3064516129032258,0.3709677419354839
images/dots_545.png,0.3229166666666667,0.3125,0.3645833333333333
images/dots_546.png,0.25,0.39285714285714285,0.35714285714285715
images/dots_547.png,0.22,0.46,0.32
images/dots_548.png,0.3269230769230769,0.38461538461538464,0.28846153846153844
images/dots_549.png,0.3333333333333333,0.3076923076923077,0.358974358974359
images/dots_550.png,0.3,0.3,0.4
images/dots_551.png,0.23529411764705882,0.3235294117647059,0.4411764705882353
images/dots_552.png,0.22340425531914893,0.48936170212765956,0.2872340425531915
images/dots_553.png,0.14285714285714285,0.5714285714285714,0.2857142857142857
images/dots_554.png,0.37037037037037035,0.2777777777777778,0.35185185185185186
images/dots_555.png,0.36666666666666664,0.36666666666666664,0.26666666666666666
images/dots_556.png,0.17857142857142858,0.4107142857142857,0.4107142857142857
images/dots_557.png,0.40860215053763443,0.2903225806451613,0.3010752688172043
images/dots_558.png,0.15789473684210525,0.47368421052631576,0.3684210526315789
images/dots_559.png,0.358974358974359,0.2948717948717949,0.34615384615384615
images/dots_560.png,0.29411764705882354,0.4117647058823529,0.29411764705882354
images/dots_561.png,0.296875,0.421875,0.28125
images/dots_562.png,0.4528301886792453,0.32075471698113206,0.22641509433962265
images/dots_563.png,0.31868131868131866,0.32967032967032966,0.3516483516483517
images/dots_564.png,0.2826086956521739,0.4782608695652174,0.2391304347826087
images/dots_565.png,0.29508196721311475,0.3442622950819672,0.36065573770491804
images/dots_566.png,0.25925925925925924,0.2962962962962963,0.4444444444444444
images/dots_567.png,0.26666666666666666,0.3111111111111111,0.4222222222222222
images/dots_568.png,0.4175824175824176,0.25274725274725274,0.32967032967032966
images/dots_569.png,0.22727272727272727,0.4090909090909091,0.36363636363636365
images/dots_570.png,0.42857142857142855,0.2857142857142857,0.2857142857142857
images/dots_571.png,0.4090909090909091,0.38636363636363635,0.20454545454545456
images/dots_572.png,0.33962264150943394,0.37735849056603776,0.2830188679245283
images/dots_573.png,0.3888888888888889,0.2777777777777778,0.3333333333333333
images/dots_574.png,0.32653061224489793,0.3163265306122449,0.35714285714285715
images/dots_575.png,0.05263157894736842,0.631578947368421,0.3157894736842105
images/dots_576.png,0.3548387096774194,0.3548387096774194,0.2903225806451613
images/dots_577.png,0.4772727272727273,0.22727272727272727,0.29545454545454547
images/dots_578.png,0.35714285714285715,0.26785714285714285,0.375
images/dots_579.png,0.09090909090909091,0.36363636363636365,0.5454545454545454
images/dots_580.png,0.4074074074074074,0.3333333333333333,0.25925925925925924
images/dots_581.png,0.2608695652173913,0.2608695652173913,0.4782608695652174
images/dots_582.png,0.42028985507246375,0.2898550724637681,0.2898550724637681
images/dots_583.png,0.16666666666666666,0.5,0.3333333333333333
images/dots_584.png,0.24561403508771928,0.3684210526315789,0.38596491228070173
images/dots_585.png,0.4888888888888889,0.26666666666666666,0.24444444444444444
images/dots_586.png,0.2857142857142857,0.42857142857142855,0.2857142857142857
images/dots_587.png,0.3695652173913043,0.2391304347826087,0.391304347826087
images/dots_588.png,0.45454545454545453,0.21212121212121213,0.3333333333333333
images/dots_589.png,0.36904761904761907,0.34523809523809523,0.2857142857142857
images/dots_590.png,0.2545454545454545,0.36363636363636365,0.38181818181818183
images/dots_591.png,0.30303030303030304,0.24242424242424243,0.45454545454545453
images/dots_592.png,0.3090909090909091,0.3090909090909091,0.38181818181818183
images/dots_593.png,0.42857142857142855,0.2857142857142857,0.2857142857142857
images/dots_594.png,0.3888888888888889,0.32222222222222224,0.28888888888888886
images/dots_595.png,0.2,0.4,0.4
images/dots_596.png,0.36065573770491804,0.3770491803278688,0.26229508196721313
images/dots_597.png,0.5294117647058824,0.23529411764705882,0.23529411764705882
images/dots_598.png,0.3835616438356164,0.3698630136986301,0.2465753424657534
images/dots_599.png,0.4,0.36666666666666664,0.23333333333333334
images/dots_600.png,0.5714285714285714,0.14285714285714285,0.2857142857142857
images/dots_601.png,0.36,0.24,0.4
images/dots_602.png,0.3684210526315789,0.14035087719298245,0.49122807017543857
images/dots_603.png,0.34210526315789475,0.3026315789473684,0.35526315789473684
images/dots_604.png,0.36363636363636365,0.2727272727272727,0.36363636363636365
images/dots_605.png,0.3333333333333333,0.3333333333333333,0.3333333333333333
images/dots_606.png,0.26785714285714285,0.375,0.35714285714285715
images/dots_607.png,0.29310344827586204,0.27586206896551724,0.43103448275862066
images/dots_608.png,0.3466666666666667,0.32,0.3333333333333333
images/dots_609.png,0.32323232323232326,0.30303030303030304,0.37373737373737376
images/dots_610.png,0.3333333333333333,0.3974358974358974,0.2692307692307692
images/dots_611.png,0.36363636363636365,0.36363636363636365,0.2727272727272727
images/dots_612.png,0.4090909090909091,0.29545454545454547,0.29545454545454547
images/dots_613.png,0.34,0.34,0.32
images/dots_614.png,0.39285714285714285,0.32142857142857145,0.2857142857142857
images/dots_615.png,0.4489795918367347,0.30612244897959184,0.24489795918367346
images/dots_616.png,0.30434782608695654,0.2608695652173913,0.43478260869565216
images/dots_617.png,0.3269230769230769,0.36538461538461536,0.3076923076923077
images/dots_618.png,0.3333333333333333,0.3717948717948718,0.2948717948717949
images/dots_619.png,1.0,0.0,0.0
images/dots_620.png,0.509090909090909,0.2,0.2909090909090909
images/dots_621.png,0.3448275862068966,0.3103448275862069,0.3448275862068966
images/dots_622.png,0.4,0.4,0.2
images/dots_623.png,0.5,0.2,0.3
images/dots_624.png,0.25862068965517243,0.3448275862068966,0.39655172413793105
images/dots_625.png,0.3877551020408163,0.3673469387755102,0.24489795918367346
images/dots_626.png,0.3763440860215054,0.34408602150537637,0.27956989247311825
images/dots_627.png,0.1891891891891892,0.4594594594594595,0.35135135135135137
images/dots_628.png,0.32098765432098764,0.32098765432098764,0.35802469135802467
images/dots_629.png,0.3448275862068966,0.25862068965517243,0.39655172413793105
images/dots_630.png,0.3333333333333333,0.4,0.26666666666666666
images/dots_631.png,0.38571428571428573,0.2714285714285714,0.34285714285714286
images/dots_632.png,0.3655913978494624,0.3010752688172043,0.3333333333333333
images/dots_633.png,0.32142857142857145,0.27380952380952384,0.40476190476190477
images/dots_634.png,0.3673469387755102,0.22448979591836735,0.40816326530612246
images/dots_635.png,0.28888888888888886,0.37777777777777777,0.3333333333333333
images/dots_636.png,0.3333333333333333,0.6666666666666666,0.0
images/dots_637.png,0.323943661971831,0.36619718309859156,0.30985915492957744
images/dots_638.png,0.3684210526315789,0.3684210526315789,0.2631578947368421
images/dots_639.png,0.3333333333333333,0.6666666666666666,0.0
images/dots_640.png,0.23809523809523808,0.2857142857142857,0.47619047619047616
images/dots_641.png,0.3902439024390244,0.3170731707317073,0.2926829268292683
images/dots_642.png,0.313953488372093,0.313953488372093,0.37209302325581395
images/dots_643.png,0.3333333333333333,0.4444444444444444,0.2222222222222222
images/dots_644.png,0.35555555555555557,0.4,0.24444444444444444
images/dots_645.png,0.35365853658536583,0.25609756097560976,0.3902439024390244
images/dots_646.png,0.2619047619047619,0.40476190476190477,0.3333333333333333
images/dots_647.png,0.2714285714285714,0.37142857142857144,0.35714285714285715
images/dots_648.png,0.2987012987012987,0.3116883116883117,0.38961038961038963
images/dots_649.png,0.3563218390804598,0.27586206896551724,0.367816091954023
images/dots_650.png,0.2638888888888889,0.2777777777777778,0.4583333333333333
images/dots_651.png,0.6,0.2,0.2
images/dots_652.png,0.6666666666666666,0.16666666666666666,0.16666666666666666
images/dots_653.png,1.0,0.0,0.0
images/dots_654.png,0.3829787234042553,0.3723404255319149,0.24468085106382978
images/dots_655.png,0.34545454545454546,0.36363636363636365,0.2909090909090909
images/dots_656.png,0.33695652173913043,0.30434782608695654,0.358695652173913
images/dots_657.png,0.3469387755102041,0.2653061224489796,0.3877551020408163
images/dots_658.png,0.1875,0.4375,0.375
images/dots_659.png,0.3181818181818182,0.3409090909090909,0.3409090909090909
images/dots_660.png,0.34285714285714286,0.34285714285714286,0.3142857142857143
images/dots_661.png,0.28205128205128205,0.1794871794871795,0.5384615384615384
images/dots_662.png,0.38961038961038963,0.37662337662337664,0.23376623376623376
images/dots_663.png,0.3,0.4777777777777778,0.2222222222222222
images/dots_664.png,0.2894736842105263,0.3157894736842105,0.39473684210526316
images/dots_665.png,0.21739130434782608,0.30434782608695654,0.4782608695652174
images/dots_666.png,0.0,0.0,1.0
images/dots_667.png,0.25333333333333335,0.38666666666666666,0.36
images/dots_668.png,0.40425531914893614,0.23404255319148937,0.3617021276595745
images/dots_669.png,0.4,0.26666666666666666,0.3333333333333333
images/dots_670.png,0.08333333333333333,0.5,0.4166666666666667
images/dots_671.png,0.2753623188405797,0.43478260869565216,0.2898550724637681
images/dots_672.png,0.4,0.2,0.4
images/dots_673.png,0.375,0.3333333333333333,0.2916666666666667
images/dots_674.png,0.3442622950819672,0.36065573770491804,0.29508196721311475
images/dots_675.png,0.42105263157894735,0.42105263157894735,0.15789473684210525
images/dots_676.png,0.2608695652173913,0.2608695652173913,0.4782608695652174
images/dots_677.png,0.2894736842105263,0.4473684210526316,0.2631578947368421
images/dots_678.png,0.375,0.2857142857142857,0.3392857142857143
images/dots_679.png,0.3275862068965517,0.3103448275862069,0.3620689655172414
images/dots_680.png,0.0,0.75,0.25
images/dots_681.png,0.3888888888888889,0.3055555555555556,0.3055555555555556
images/dots_682.png,0.38461538461538464,0.15384615384615385,0.46153846153846156
images/dots_683.png,0.2857142857142857,0.2857142857142857,0.42857142857142855
images/dots_684.png,0.3522727272727273,0.26136363636363635,0.38636363636363635
images/dots_685.png,0.3,0.45,0.25
images/dots_686.png,0.21176470588235294,0.27058823529411763,0.5176470588235295
images/dots_687.png,0.2972972972972973,0.3783783783783784,0.32432432432432434
images/dots_688.png,0.2857142857142857,0.30357142857142855,0.4107142857142857
images/dots_689.png,0.33962264150943394,0.2641509433962264,0.39622641509433965
images/dots_690.png,0.3333333333333333,0.35555555555555557,0.3111111111111111
images/dots_691.png,0.42696629213483145,0.24719101123595505,0.3258426966292135
images/dots_692.png,0.2631578947368421,0.2894736842105263,0.4473684210526316
images/dots_693.png,0.24175824175824176,0.34065934065934067,0.4175824175824176
images/dots_694.png,0.3253012048192771,0.37349397590361444,0.30120481927710846
images/dots_695.png,0.3333333333333333,0.4166666666666667,0.25
images/dots_696.png,0.3,0.38571428571428573,0.3142857142857143
images/dots_697.png,0.34,0.28,0.38
images/dots_698.png,0.4,0.2,0.4
images/dots_699.png,0.0,0.0,1.0
images/dots_700.png,0.2222222222222222,0.5555555555555556,0.2222222222222222
images/dots_701.png,0.26666666666666666,0.26666666666666666,0.4666666666666667
images/dots_702.png,0.29310344827586204,0.3793103448275862,0.3275862068965517
images/dots_703.png,0.28,0.44,0.28
images/dots_704.png,0.37373737373737376,0.24242424242424243,0.3838383838383838
images/dots_705.png,0.36363636363636365,0.24242424242424243,0.3939393939393939
images/dots_706.png,0.3170731707317073,0.3902439024390244,0.2926829268292683
images/dots_707.png,0.18181818181818182,0.36363636363636365,0.45454545454545453
images/dots_708.png,0.2692307692307692,0.3076923076923077,0.4230769230769231
images/dots_709.png,0.35714285714285715,0.32142857142857145,0.32142857142857145
images/dots_710.png,0.28125,0.28125,0.4375
images/dots_711.png,0.35,0.3,0.35
images/dots_712.png,0.3,0.3,0.4
images/dots_713.png,0.36363636363636365,0.2727272727272727,0.36363636363636365
images/dots_714.png,0.43037974683544306,0.3037974683544304,0.26582278481012656
images/dots_715.png,0.4,0.3,0.3
images/dots_716.png,0.32653061224489793,0.3469387755102041,0.32653061224489793
images/dots_717.png,0.34375,0.3333333333333333,0.3229166666666667
images/dots_718.png,0.2702702702702703,0.35135135135135137,0.3783783783783784
images/dots_719.png,0.40404040404040403,0.26262626262626265,0.3333333333333333
images/dots_720.png,0.36363636363636365,0.2857142857142857,0.35064935064935066
images/dots_721.png,0.36046511627906974,0.29069767441860467,0.3488372093023256
images/dots_722.png,0.2073170731707317,0.4146341463414634,0.3780487804878049
images/dots_723.png,0.34210526315789475,0.2894736842105263,0.3684210526315789
images/dots_724.png,0.15384615384615385,0.46153846153846156,0.38461538461538464
images/dots_725.png,0.2872340425531915,0.3829787234042553,0.32978723404255317
images/dots_726.png,0.3142857142857143,0.2857142857142857,0.4
images/dots_727.png,0.3258426966292135,0.30337078651685395,0.3707865168539326
images/dots_728.png,0.38461538461538464,0.23076923076923078,0.38461538461538464
images/dots_729.png,0.475,0.325,0.2
images/dots_730.png,0.3333333333333333,0.08333333333333333,0.5833333333333334
images/dots_731.png,0.21428571428571427,0.2857142857142857,0.5
images/dots_732.png,0.2976190476190476,0.34523809523809523,0.35714285714285715
images/dots_733.png,0.24096385542168675,0.3373493975903614,0.42168674698795183
images/dots_734.png,0.3333333333333333,0.4166666666666667,0.25
images/dots_735.png,0.28125,0.3125,0.40625
images/dots_736.png,0.25555555555555554,0.4444444444444444,0.3
images/dots_737.png,0.36538461538461536,0.23076923076923078,0.40384615384615385
images/dots_738.png,0.3020833333333333,0.3333333333333333,0.3645833333333333
images/dots_739.png,0.35,0.36666666666666664,0.2833333333333333
images/dots_740.png,0.25,0.453125,0.296875
images/dots_741.png,0.38461538461538464,0.38461538461538464,0.23076923076923078
images/dots_742.png,0.18867924528301888,0.33962264150943394,0.4716981132075472
images/dots_743.png,0.32142857142857145,0.2857142857142857,0.39285714285714285
images/dots_744.png,0.2,0.2,0.6
images/dots_745.png,0.21428571428571427,0.42857142857142855,0.35714285714285715
images/dots_746.png,0.37142857142857144,0.2571428571428571,0.37142857142857144
images/dots_747.png,0.3132530120481928,0.3493975903614458,0.3373493975903614
images/dots_748.png,0.325,0.325,0.35
images/dots_749.png,0.4,0.3,0.3
images/dots_750.png,0.32,0.32,0.36
images/dots_751.png,0.26666666666666666,0.26666666666666666,0.4666666666666667
images/dots_752.png,0.56,0.16,0.28
images/dots_753.png,0.25,0.390625,0.359375
images/dots_754.png,0.3333333333333333,0.26666666666666666,0.4
images/dots_755.png,0.23655913978494625,0.34408602150537637,0.41935483870967744
images/dots_756.png,0.22972972972972974,0.4189189189189189,0.35135135135135137
images/dots_757.png,0.28205128205128205,0.41025641025641024,0.3076923076923077
images/dots_758.png,0.16666666666666666,0.25,0.5833333333333334
images/dots_759.png,0.35,0.35,0.3
images/dots_760.png,0.3434343434343434,0.3838383838383838,0.2727272727272727
images/dots_761.png,0.3090909090909091,0.23636363636363636,0.45454545454545453
images/dots_762.png,0.3855421686746988,0.2891566265060241,0.3253012048192771
images/dots_763.png,0.32558139534883723,0.4418604651162791,0.23255813953488372
images/dots_764.png,0.30434782608695654,0.30434782608695654,0.391304347826087
images/dots_765.png,0.3125,0.25,0.4375
images/dots_766.png,0.34831460674157305,0.33707865168539325,0.3146067415730337
images/dots_767.png,0.40540540540540543,0.2972972972972973,0.2972972972972973
images/dots_768.png,0.3979591836734694,0.30612244897959184,0.29591836734693877
images/dots_769.png,0.3717948717948718,0.3333333333333333,0.2948717948717949
images/dots_770.png,0.4383561643835616,0.2876712328767123,0.273972602739726
images/dots_771.png,0.35526315789473684,0.3026315789473684,0.34210526315789475
images/dots_772.png,0.26666666666666666,0.3111111111111111,0.4222222222222222
images/dots_773.png,0.375,0.35714285714285715,0.26785714285714285
images/dots_774.png,0.27,0.37,0.36
images/dots_775.png,0.32142857142857145,0.42857142857142855,0.25
images/dots_776.png,0.3142857142857143,0.3,0.38571428571428573
images/dots_777.png,0.27906976744186046,0.3023255813953488,0.4186046511627907
images/dots_778.png,0.45098039215686275,0.2549019607843137,0.29411764705882354
images/dots_779.png,0.36231884057971014,0.2608695652173913,0.37681159420289856
images/dots_780.png,0.3013698630136986,0.3424657534246575,0.3561643835616438
images/dots_781.png,0.21621621621621623,0.2972972972972973,0.4864864864864865
images/dots_782.png,0.3220338983050847,0.3050847457627119,0.3728813559322034
images/dots_783.png,1.0,0.0,0.0
images/dots_784.png,0.23404255319148937,0.3829787234042553,0.3829787234042553
images/dots_785.png,0.3707865168539326,0.30337078651685395,0.3258426966292135
images/dots_786.png,0.3163265306122449,0.32653061224489793,0.35714285714285715
images/dots_787.png,0.38461538461538464,0.2923076923076923,0.3230769230769231
images/dots_788.png,0.3939393939393939,0.3333333333333333,0.2727272727272727
images/dots_789.png,0.296875,0.390625,0.3125
images/dots_790.png,0.3,0.32,0.38
images/dots_791.png,0.4,0.2,0.4
images/dots_792.png,0.3333333333333333,0.3333333333333333,0.3333333333333333
images/dots_793.png,0.2727272727272727,0.2909090909090909,0.43636363636363634
images/dots_794.png,0.3048780487804878,0.3170731707317073,0.3780487804878049
images/dots_795.png,0.3076923076923077,0.38461538461538464,0.3076923076923077
images/dots_796.png,0.3181818181818182,0.30303030303030304,0.3787878787878788
images/dots_797.png,0.3076923076923077,0.27692307692307694,0.4153846153846154
images/dots_798.png,0.3434343434343434,0.3333333333333333,0.32323232323232326
images/dots_799.png,0.36,0.24,0.4
images/dots_800.png,0.27941176470588236,0.29411764705882354,0.4264705882352941
images/dots_801.png,0.4235294117647059,0.35294117647058826,0.2235294117647059
images/dots_802.png,0.313953488372093,0.3372093023255814,0.3488372093023256
images/dots_803.png,0.5238095238095238,0.21428571428571427,0.2619047619047619
images/dots_804.png,0.21428571428571427,0.32142857142857145,0.4642857142857143
images/dots_805.png,0.3870967741935484,0.2903225806451613,0.3225806451612903
images/dots_806.png,0.41975308641975306,0.3333333333333333,0.24691358024691357
images/dots_807.png,0.27586206896551724,0.39655172413793105,0.3275862068965517
images/dots_808.png,0.29577464788732394,0.352112676056338,0.352112676056338
images/dots_809.png,0.3333333333333333,0.2,0.4666666666666667
images/dots_810.png,0.47126436781609193,0.27586206896551724,0.25287356321839083
images/dots_811.png,0.35,0.4,0.25
images/dots_812.png,0.34615384615384615,0.3333333333333333,0.32051282051282054
images/dots_813.png,0.27692307692307694,0.4461538461538462,0.27692307692307694
images/dots_814.png,0.4,0.26666666666666666,0.3333333333333333
images/dots_815.png,0.16,0.44,0.4
images/dots_816.png,0.32558139534883723,0.32558139534883723,0.3488372093023256
images/dots_817.png,0.3253012048192771,0.3253012048192771,0.3493975903614458
images/dots_818.png,0.3333333333333333,0.3541666666666667,0.3125
images/dots_819.png,0.4444444444444444,0.16666666666666666,0.3888888888888889
images/dots_820.png,0.34782608695652173,0.30434782608695654,0.34782608695652173
images/dots_821.png,0.35294117647058826,0.2647058823529412,0.38235294117647056
images/dots_822.png,0.39759036144578314,0.3614457831325301,0.24096385542168675
images/dots_823.png,0.38461538461538464,0.2692307692307692,0.34615384615384615
images/dots_824.png,0.3829787234042553,0.30851063829787234,0.30851063829787234
images/dots_825.png,0.34285714285714286,0.34285714285714286,0.3142857142857143
images/dots_826.png,0.25,0.75,0.0
images/dots_827.png,0.24,0.24,0.52
images/dots_828.png,0.5476190476190477,0.14285714285714285,0.30952380952380953
images/dots_829.png,0.3333333333333333,0.1111111111111111,0.5555555555555556
images/dots_830.png,0.3076923076923077,0.2923076923076923,0.4
images/dots_831.png,0.3333333333333333,0.3684210526315789,0.2982456140350877
images/dots_832.png,0.3194444444444444,0.2638888888888889,0.4166666666666667
images/dots_833.png,0.35,0.325,0.325
images/dots_834.png,0.37777777777777777,0.3333333333333333,0.28888888888888886
images/dots_835.png,0.2641509433962264,0.3584905660377358,0.37735849056603776
images/dots_836.png,0.23076923076923078,0.38461538461538464,0.38461538461538464
images/dots_837.png,0.3854166666666667,0.3541666666666667,0.2604166666666667
images/dots_838.png,0.375,0.28125,0.34375
images/dots_839.png,0.0,0.5,0.5
images/dots_840.png,0.38181818181818183,0.3090909090909091,0.3090909090909091
images/dots_841.png,0.3333333333333333,0.3763440860215054,0.2903225806451613
images/dots_842.png,0.4583333333333333,0.25,0.2916666666666667
images/dots_843.png,0.3055555555555556,0.3333333333333333,0.3611111111111111
images/dots_844.png,0.3711340206185567,0.3402061855670103,0.28865979381443296
images/dots_845.png,0.3333333333333333,0.34782608695652173,0.3188405797101449
images/dots_846.png,0.3829787234042553,0.2553191489361702,0.3617021276595745
images/dots_847.png,0.3382352941176471,0.4117647058823529,0.25
images/dots_848.png,0.2553191489361702,0.2872340425531915,0.4574468085106383
images/dots_849.png,0.24358974358974358,0.44871794871794873,0.3076923076923077
images/dots_850.png,0.2857142857142857,0.42857142857142855,0.2857142857142857
images/dots_851.png,0.5476190476190477,0.21428571428571427,0.23809523809523808
images/dots_852.png,0.5,0.5,0.0
images/dots_853.png,0.23255813953488372,0.3488372093023256,0.4186046511627907
images/dots_854.png,0.323943661971831,0.30985915492957744,0.36619718309859156
images/dots_855.png,0.4155844155844156,0.3116883116883117,0.2727272727272727
images/dots_856.png,0.36666666666666664,0.3111111111111111,0.32222222222222224
images/dots_857.png,0.24390243902439024,0.36585365853658536,0.3902439024390244
images/dots_858.png,0.45454545454545453,0.36363636363636365,0.18181818181818182
images/dots_859.png,0.2711864406779661,0.3728813559322034,0.3559322033898305
images/dots_860.png,0.2777777777777778,0.3333333333333333,0.3888888888888889
images/dots_861.png,0.3114754098360656,0.36065573770491804,0.32786885245901637
images/dots_862.png,0.3387096774193548,0.3225806451612903,0.3387096774193548
images/dots_863.png,0.6666666666666666,0.3333333333333333,0.0
images/dots_864.png,0.4,0.3333333333333333,0.26666666666666666
images/dots_865.png,0.23684210526315788,0.4605263157894737,0.3026315789473684
images/dots_866.png,0.2571428571428571,0.42857142857142855,0.3142857142857143
images/dots_867.png,0.3711340206185567,0.32989690721649484,0.29896907216494845
images/dots_868.png,0.3333333333333333,0.3541666666666667,0.3125
images/dots_869.png,0.3111111111111111,0.3111111111111111,0.37777777777777777
images/dots_870.png,0.16666666666666666,0.25,0.5833333333333334
images/dots_871.png,1.0,0.0,0.0
images/dots_872.png,0.3103448275862069,0.1724137931034483,0.5172413793103449
images/dots_873.png,0.36363636363636365,0.36363636363636365,0.2727272727272727
images/dots_874.png,0.75,0.25,0.0
images/dots_875.png,0.3090909090909091,0.41818181818181815,0.2727272727272727
images/dots_876.png,0.4264705882352941,0.29411764705882354,0.27941176470588236
images/dots_877.png,0.4,0.3,0.3
images/dots_878.png,0.37142857142857144,0.2857142857142857,0.34285714285714286
images/dots_879.png,0.25,0.5,0.25
images/dots_880.png,0.3469387755102041,0.40816326530612246,0.24489795918367346
images/dots_881.png,0.3333333333333333,0.3333333333333333,0.3333333333333333
images/dots_882.png,0.4020618556701031,0.35051546391752575,0.24742268041237114
images/dots_883.png,0.28,0.24,0.48
images/dots_884.png,0.21052631578947367,0.40789473684210525,0.3815789473684211
images/dots_885.png,0.4583333333333333,0.3333333333333333,0.20833333333333334
images/dots_886.png,0.26666666666666666,0.4,0.3333333333333333
images/dots_887.png,0.4,0.2,0.4
images/dots_888.png,0.2857142857142857,0.17857142857142858,0.5357142857142857
images/dots_889.png,0.3068181818181818,0.38636363636363635,0.3068181818181818
images/dots_890.png,0.3333333333333333,0.28888888888888886,0.37777777777777777
images/dots_891.png,0.28,0.32,0.4
images/dots_892.png,0.23529411764705882,0.47058823529411764,0.29411764705882354
images/dots_893.png,0.52,0.2,0.28
images/dots_894.png,0.3333333333333333,0.38666666666666666,0.28
images/dots_895.png,0.3,0.41,0.29
images/dots_896.png,0.28735632183908044,0.367816091954023,0.3448275862068966
images/dots_897.png,0.2413793103448276,0.43103448275862066,0.3275862068965517
images/dots_898.png,0.3125,0.3125,0.375
images/dots_899.png,0.38461538461538464,0.3076923076923077,0.3076923076923077
images/dots_900.png,0.3148148148148148,0.3888888888888889,0.2962962962962963
images/dots_901.png,0.35714285714285715,0.30952380952380953,0.3333333333333333
images/dots_902.png,0.3218390804597701,0.3563218390804598,0.3218390804597701
images/dots_903.png,0.4375,0.3125,0.25
images/dots_904.png,0.26666666666666666,0.4666666666666667,0.26666666666666666
images/dots_905.png,0.3146067415730337,0.33707865168539325,0.34831460674157305
images/dots_906.png,0.2708333333333333,0.34375,0.3854166666666667
images/dots_907.png,0.2857142857142857,0.30612244897959184,0.40816326530612246
images/dots_908.png,0.2692307692307692,0.28205128205128205,0.44871794871794873
images/dots_909.png,0.24444444444444444,0.35555555555555557,0.4
images/dots_910.png,0.16666666666666666,0.43333333333333335,0.4
images/dots_911.png,0.24444444444444444,0.4,0.35555555555555557
images/dots_912.png,0.30434782608695654,0.43478260869565216,0.2608695652173913
images/dots_913.png,0.325,0.425,0.25
images/dots_914.png,0.45652173913043476,0.1956521739130435,0.34782608695652173
images/dots_915.png,0.2857142857142857,0.42857142857142855,0.2857142857142857
images/dots_916.png,0.3103448275862069,0.3103448275862069,0.3793103448275862
images/dots_917.png,0.375,0.125,0.5
images/dots_918.png,0.4878048780487805,0.34146341463414637,0.17073170731707318
images/dots_919.png,0.33766233766233766,0.33766233766233766,0.3246753246753247
images/dots_920.png,0.2916666666666667,0.2916666666666667,0.4166666666666667
images/dots_921.png,0.44285714285714284,0.24285714285714285,0.3142857142857143
images/dots_922.png,0.30303030303030304,0.35353535353535354,0.3434343434343434
images/dots_923.png,0.5,0.5,0.0
images/dots_924.png,0.30434782608695654,0.34782608695652173,0.34782608695652173
images/dots_925.png,0.42857142857142855,0.21428571428571427,0.35714285714285715
images/dots_926.png,0.2727272727272727,0.22727272727272727,0.5
images/dots_927.png,0.391304347826087,0.30434782608695654,0.30434782608695654
images/dots_928.png,0.3333333333333333,0.3333333333333333,0.3333333333333333
images/dots_929.png,0.3918918918918919,0.36486486486486486,0.24324324324324326
images/dots_930.png,0.36363636363636365,0.2727272727272727,0.36363636363636365
images/dots_931.png,0.3333333333333333,0.37254901960784315,0.29411764705882354
images/dots_932.png,0.3333333333333333,0.3484848484848485,0.3181818181818182
images/dots_933.png,0.2717391304347826,0.358695652173913,0.3695652173913043
images/dots_934.png,0.30434782608695654,0.34782608695652173,0.34782608695652173
images/dots_935.png,0.3157894736842105,0.2807017543859649,0.40350877192982454
images/dots_936.png,0.32978723404255317,0.3723404255319149,0.2978723404255319
images/dots_937.png,0.3068181818181818,0.32954545454545453,0.36363636363636365
images/dots_938.png,0.36,0.28,0.36
images/dots_939.png,0.19047619047619047,0.42857142857142855,0.38095238095238093
images/dots_940.png,0.32,0.44,0.24
images/dots_941.png,0.1,0.3,0.6
images/dots_942.png,0.20987654320987653,0.41975308641975306,0.37037037037037035
images/dots_943.png,0.31868131868131866,0.3076923076923077,0.37362637362637363
images/dots_944.png,0.2987012987012987,0.3246753246753247,0.37662337662337664
images/dots_945.png,0.3191489361702128,0.3723404255319149,0.30851063829787234
images/dots_946.png,0.3783783783783784,0.32432432432432434,0.2972972972972973
images/dots_947.png,0.42857142857142855,0.30952380952380953,0.2619047619047619
images/dots_948.png,0.5,0.5,0.0
images/dots_949.png,0.32926829268292684,0.3902439024390244,0.2804878048780488
images/dots_950.png,0.3870967741935484,0.3225806451612903,0.2903225806451613
images/dots_951.png,0.34444444444444444,0.32222222222222224,0.3333333333333333
images/dots_952.png,0.23863636363636365,0.3522727272727273,0.4090909090909091
images/dots_953.png,0.30927835051546393,0.38144329896907214,0.30927835051546393
images/dots_954.png,0.23333333333333334,0.3,0.4666666666666667
images/dots_955.png,0.21052631578947367,0.40350877192982454,0.38596491228070173
images/dots_956.png,0.3048780487804878,0.25609756097560976,0.43902439024390244
images/dots_957.png,0.4,0.2545454545454545,0.34545454545454546
images/dots_958.png,0.288135593220339,0.3220338983050847,0.3898305084745763
images/dots_959.png,0.37681159420289856,0.37681159420289856,0.2463768115942029
images/dots_960.png,0.3125,0.2916666666666667,0.3958333333333333
images/dots_961.png,0.36363636363636365,0.13636363636363635,0.5
images/dots_962.png,0.2878787878787879,0.3787878787878788,0.3333333333333333
images/dots_963.png,0.3269230769230769,0.36538461538461536,0.3076923076923077
images/dots_964.png,0.35365853658536583,0.4146341463414634,0.23170731707317074
images/dots_965.png,0.37373737373737376,0.36363636363636365,0.26262626262626265
images/dots_966.png,0.2676056338028169,0.38028169014084506,0.352112676056338
images/dots_967.png,0.288135593220339,0.3389830508474576,0.3728813559322034
images/dots_968.png,0.36666666666666664,0.3,0.3333333333333333
images/dots_969.png,0.26666666666666666,0.36666666666666664,0.36666666666666664
images/dots_970.png,0.42857142857142855,0.19047619047619047,0.38095238095238093
images/dots_971.png,0.3333333333333333,0.3333333333333333,0.3333333333333333
images/dots_972.png,0.3068181818181818,0.3181818181818182,0.375
images/dots_973.png,0.4246575342465753,0.2328767123287671,0.3424657534246575
images/dots_974.png,0.3333333333333333,0.2962962962962963,0.37037037037037035
images/dots_975.png,0.14285714285714285,0.42857142857142855,0.42857142857142855
images/dots_976.png,1.0,0.0,0.0
images/dots_977.png,0.4666666666666667,0.26666666666666666,0.26666666666666666
images/dots_978.png,0.375,0.35,0.275
images/dots_979.png,0.36923076923076925,0.27692307692307694,0.35384615384615387
images/dots_980.png,0.16666666666666666,0.6666666666666666,0.16666666666666666
images/dots_981.png,0.32894736842105265,0.3157894736842105,0.35526315789473684
images/dots_982.png,0.14285714285714285,0.5714285714285714,0.2857142857142857
images/dots_983.png,0.3375,0.3375,0.325
images/dots_984.png,0.3181818181818182,0.4090909090909091,0.2727272727272727
images/dots_985.png,0.3488372093023256,0.27906976744186046,0.37209302325581395
images/dots_986.png,0.15384615384615385,0.46153846153846156,0.38461538461538464
images/dots_987.png,0.3384615384615385,0.3384615384615385,0.3230769230769231
images/dots_988.png,0.0,0.0,1.0
images/dots_989.png,0.3380281690140845,0.39436619718309857,0.2676056338028169
images/dots_990.png,0.3125,0.3645833333333333,0.3229166666666667
images/dots_991.png,0.42391304347826086,0.21739130434782608,0.358695652173913
images/dots_992.png,0.39285714285714285,0.17857142857142858,0.42857142857142855
images/dots_993.png,0.37777777777777777,0.3,0.32222222222222224
images/dots_994.png,0.4065934065934066,0.2857142857142857,0.3076923076923077
images/dots_995.png,0.4117647058823529,0.29411764705882354,0.29411764705882354
images/dots_996.png,0.2857142857142857,0.21428571428571427,0.5
images/dots_997.png,0.16666666666666666,0.5,0.3333333333333333
images/dots_998.png,0.2894736842105263,0.34210526315789475,0.3684210526315789
images/dots_999.png,0.3111111111111111,0.3333333333333333,0.35555555555555557
images/dots_1000.png,0.2459016393442623,0.3770491803278688,0.3770491803278688
